"DESCRIPTION","DURATION IN MS","NAME","PARENT SUITE","START TIME","STATUS","STOP TIME","SUB SUITE","SUITE","TEST CLASS","TEST METHOD"
"执行单个登录场景并断言结果。

        执行链路：
            打开登录页 -> login_page.login(...)（内部按「填用户名 -> 等部门加载 ->
            取验证码 -> 填密码/验证码 -> 点登录」推进，详见 LoginPage.login）-> 按
            expected 分支断言。

        断言策略（expected 取值兼容中英文，避免数据写“登录成功”却走错分支）：
          - expected ∈ {success, 成功, 登录成功, ...}：调用 is_login_successful()
            综合判定（离开登录页 / 命中成功页关键字 / 出现成功标志元素），任一命中即
            成功；否则失败并附当前 URL 便于定位；
          - expected ∈ {error, 失败, ...}：强制要求 YAML 配置 expected_error，
            且页面错误提示【真实包含】该关键字，杜绝 ``"""" in msg`` 恒真导致的假通过；
          - 两者都不匹配：抛 ValueError 强制暴露数据问题，而不是静默跳过。

        :param login_page: 登录页 fixture（已绑定 page 与 config）。
        :param config: 当前环境配置 fixture（提供 DEFAULT_USERNAME 等兜底值）。
        :param case: 当前数据驱动场景字典（来自 YAML）。
        ","23807","正常登录：正确的用户名、密码与万能验证码","tests","Thu Aug 27 10:50:27 CST 2026","failed","Thu Aug 27 10:50:51 CST 2026","TestLogin","test_login","",""
"执行单个登录场景并断言结果。

        执行链路：
            打开登录页 -> login_page.login(...)（内部按「填用户名 -> 等部门加载 ->
            取验证码 -> 填密码/验证码 -> 点登录」推进，详见 LoginPage.login）-> 按
            expected 分支断言。

        断言策略（expected 取值兼容中英文，避免数据写“登录成功”却走错分支）：
          - expected ∈ {success, 成功, 登录成功, ...}：调用 is_login_successful()
            综合判定（离开登录页 / 命中成功页关键字 / 出现成功标志元素），任一命中即
            成功；否则失败并附当前 URL 便于定位；
          - expected ∈ {error, 失败, ...}：强制要求 YAML 配置 expected_error，
            且页面错误提示【真实包含】该关键字，杜绝 ``"""" in msg`` 恒真导致的假通过；
          - 两者都不匹配：抛 ValueError 强制暴露数据问题，而不是静默跳过。

        :param login_page: 登录页 fixture（已绑定 page 与 config）。
        :param config: 当前环境配置 fixture（提供 DEFAULT_USERNAME 等兜底值）。
        :param case: 当前数据驱动场景字典（来自 YAML）。
        ","11406","正常登录：自动识别验证码（图像识别路径，需 pip install ddddocr）","tests","Thu Aug 27 10:50:54 CST 2026","passed","Thu Aug 27 10:51:05 CST 2026","TestLogin","test_login","",""
